{"cameraMode":{"drawMode":0,"name":"Shaded","section":"Shading Mode"},"sceneLighting":true,"audioPlay":false,"sceneViewState":{"m_AlwaysRefresh":false,"showFog":true,"showSkybox":true,"showFlares":true,"showImageEffects":true,"showParticleSystems":true,"showVisualEffectGraphs":true,"m_FxEnabled":true},"in2DMode":false,"pivot":{"x":-0.8158707022666931,"y":-71.40095520019531,"z":10.609724044799805},"rotation":{"x":0.6548758149147034,"y":-0.05560799688100815,"z":0.04844114929437637,"w":0.7521136999130249},"size":43.706687927246097,"orthographic":false}