{"cameraMode":{"drawMode":0,"name":"Shaded","section":"Shading Mode"},"sceneLighting":false,"audioPlay":false,"sceneViewState":{"m_AlwaysRefresh":false,"showFog":true,"showSkybox":false,"showFlares":true,"showImageEffects":true,"showParticleSystems":true,"showVisualEffectGraphs":true,"m_FxEnabled":true},"in2DMode":false,"pivot":{"x":-1.3930217027664185,"y":0.46064329147338869,"z":0.7197434902191162},"rotation":{"x":0.8612126111984253,"y":0.13881124556064607,"z":0.34347498416900637,"w":-0.34798502922058108},"size":0.7071067690849304,"orthographic":false}